label,review
1,味道一般，但是服务和饭菜质量很好！
1,好吃、好吃。
1,这次送餐很快
1,这个卷饼的套餐配的很好，没有粥来冲淡一下的话，就又甜又咸又腻
1,"味道很好吃,送餐速度快,下次还会再买的"
1,特别好，送外卖的大哥服务也特别好！好吃！
1,就是送的太慢，但服务不错
1,粥的味道很好
1,送餐员很热情，很好吃谢谢
1,很好吃，特别是很准时，量足味美，还会再买
1,送餐不是一般的快，简直神速
1,不错，味道很好
1,"很好吃,送餐速度快,下次再来"
1,靠谱的一家
1,超级好吃的牛肉面，真的好吃
1,配送时间真让人无语了，不过大热天的送餐的老人家也很不容易，相互理解吧，下次别让我等三个小时就好
1,送的早到了半个小时，味道很棒
1,送餐比之前快了不少呀，是只有我这么想么。味道很赞。
1,"菜品美味,服务一流！"
1,瞬间就送到了，冬天吃外卖好温馨
1,"骑士超辛苦,非常好"
1,好吃！就是皮蛋粥有点儿太稠了…差点把锡箔纸吃进肚子里！呜呜…
1,"送餐师傅棒棒哒,怕我冷,东西送到大厅里,好贴心！！！！"
1,快递到家非常快，快递小哥服务也不错，今后会继续关注百度外卖
1,"很好,很方便"
1,"很好，速度很快,味道也不错"
1,送餐太慢了！！！！！
1,外卖，师傅都一级棒。师傅还主动帮忙帮我把垃圾带下去，太贴心了。
1,不错！经济实惠
1,连着几天吃不腻，赞店家的诚信经营理念，分量还是足足的，味道还是那个味儿，这次的骑士哥赞一下，还是住附近的，很高兴选择了这家美食，订餐那么多天，从没有超过三次的，吃得满意，吃得放心
1,实在是时间太长了，以后还是不能用百度外卖订餐了，每次订餐都得2小时送到
1,凉拌土豆丝没有放醋哦
1,还不错，就是太慢
1,"送餐超快,面不坨,味道好"
1,还可以，包装干净卫生
1,京酱肉丝太咸了，建议下次淡一点
1,稻香村不愧是经典，赞一下百度快递小哥，哈哈哈哈，好有喜感
1,好喝，也没有漏。，，，，
1,百度外卖的袋子挺可爱的，送餐员服务也好。关键稻香村好吃！哈哈哈
1,好吃，速度也快
1,很准时，菜品不错
1,送餐的大叔非常好
1,久仰大名，到望京了，我觉得打折过后非常不错
1,卷饼还行，粥太难喝，皮蛋瘦肉粥太腥了，还得自己下楼取，勉强好评
1,非常方便早餐到家。快递小哥很好。
1,外卖人员服务态度特别好！大风天气那么冷，外卖准时送达而且也保证了餐的温度！
1,卷饼应该比拌饭好吃，拌饭里的菜放的酱太多
1,味道好！减去13元超值！感谢送货员，辛苦了，态度好，敬业！
1,"送餐特别快,态度好,非常感谢"
1,不错。锡纸包装
1,这饺子皮薄陷大，味道很棒，送过来还热腾腾的，百度骑士风一样速度，感谢店家，感谢骑士！
1,比时间还提前了，态度很好
1,乌龙的送餐事件！饭很好吃！老板也积极解决了！会继续光临！
1,感谢骑士小哥，这么冷的天
1,好吃就是太少
1,一如既往的好，配送非常快。
1,这次推荐鸡肉的。但备注了酱汁貌似没给哎、依旧干、幸好赠送了王老吉。
1,生病在家点的餐，份量很大，味道也不错
1,送餐员服务很到位送餐速度很快，香锅也很好吃
1,一如既往的好吃！派送员很负责，小点心一点没碎！
1,下雪天，快递师傅辛苦了！小心路滑！
1,太赞了～宇宙速度～10分钟就送到～
1,鸡丁有点儿咸没有在店面吃的好吃有甜味
1,非常地道，就是口有点重，略咸
1,"东西好吃又实惠,送餐又快,好评"
1,速度超快，赞
1,"挺好味道比较淡,还好给了盒榨菜,还不错"
1,外卖的米粉量有点小
1,味道还不错，稍微淡一点，下次还是选京酱肉丝吧
1,好吃，就是送的太快了，没有按照预订的时间送达
1,很好，很满意，但是这次为什么没有送王老吉呢？昨天还送的
1,支付宝最好用了，支持支付宝
1,店里员工态度非常好，送得也快，还会光顾
1,非常好，速度快，态度好
1,嘿嘿，第一家按照我选的时间送餐。好吃不贵，赞
1,给力，就是速度慢点，需要早定
1,这次好快！
1,骑士服务很好，商品质量也可。
1,有点慢～～～送餐时间不稳定
1,这次不错，赞一个
1,专门打去电话改送餐时间，店家也说纪录好了，可是还是11点给我送来了，汗！谁中午饭这么早吃啊！更何况还没下班呢！真郁闷！
1,这家店的菜吃不腻啊！
1,很好喜欢极力推荐噢
1,味道美极了，百度骑士的工作态度认真，商家电话不通，骑士亲自去店里说我的需求，真是棒棒嗒！
1,"口味很不错,分量也很足"
1,对于北方的女汉子中份的卷饼稍稍有点不够吃，喝了粥就好多了
1,味道不错，送餐员态度很亲切，非常快
1,煎饼里沙拉酱太多了，齁咸齁咸的……
1,姜太多了，有些吃不适应。
1,"好吃！！分量足,居然给了这么多肉"
1,豆腐脑淡了
1,大冷天，快递小哥微笑服务，手动赞一个
1,满意，速度也非常快。
1,今天的丸子怎么那么难吃，哎
1,牛肉、大肠稍微有点少。
1,红红火火恍恍惚惚哈哈哈哈
1,没有送水没有送水没有送水
1,非常美味，下次还会再来！
1,一如既往的好，配送超级快，南瓜粥没有上次稠
1,好快。这次肘子卷饼青椒和肥肉好多，好辣
1,"百度骑士,非常好,！"
1,"小哥超快,东西包装很好,好吃,好评"
1,非常赞。棒棒的。赞赞赞
1,好吃！送餐时间准！赞！
1,送餐太慢。。。，我觉得是太饿了，才感觉好吃。
1,炒饭配肉，有点腻
1,送餐员很给力！大大的赞
1,送餐有点慢
1,"味道不错,配送速度比预计快"
1,好吃，速度也很快！分量刚好
1,"为啥牛腩变成了牛肉∠(,ᐛ,」∠)＿"
1,"非常好,辛苦送餐员"
1,空心菜份量少了点，汤不错
1,很好吃，送餐的工作人员也很nice
1,"第二次买了,挺好的,以后继续"
1,包装很精致
1,送餐速度快，送餐速度快
1,请务必给送餐小哥涨工资
1,"大雾霾的,外送大哥辛苦了！天冷注意身体！"
1,送的及时，饮料很好喝哦
1,卷饼真的不错！拌饭也还可以
1,饼巨好吃，就是有点吃不太饱。。。。
1,送的比较慢
1,"味道不错,会继续支持"
1,超赞。10点多就到了，味道不错的
1,就是有点咸，，，，其他都是完美的，爱宇宙卷饼
1,"还挺快的～,味道也不错。赞"
1,超级美味！而且简直神速！
1,酸菜味道超棒，送餐速度也很快，辛苦快递师傅了！
1,送来的非常快，饮料都非常的不错呦，超级喜欢
1,量大很足很不错
1,不错～特别皮蛋瘦肉粥超级好喝～
1,米饭实在是硬的离谱……
1,超好吃！！！特别快就到了，很大一份～～
1,鸡肉披萨不错，手指牛排特别赞！
1,味道不错连着好几天了都在喝！
1,非常负责的快递员，很快很快…
1,"快递很快的,还要凑十个字"
1,"之前不知道为什么取消我订单两次,这次打电话说80分钟能送到,问我能接受么,想吃煎饼就同意了,最后60分钟送到的,味道还行,送来的时候,薄脆还比较脆,就是煎饼里放了辣酱,稍微有点儿辣"
1,还可以，经常订，省事
1,服务很好，送的很快，很有礼貌。
1,超好吃，送餐也很快！
1,比在店里吃还便宜
1,"非常实惠！肘子稍微有点腻,土豆卷很好吃"
1,外卖员名字跟我们家名字一样
1,披萨很不错，薯条放久了没在店里的好吃
1,"服务很好,很到位"
1,非常美味！！！！
1,京酱肉丝不错，炒合菜粉丝太细，菜太少了
1,饭很好吃，不过送餐速度真的很慢，我等了三个小时，疯了
1,好好好！！！
1,"刚下那个单就给你打电话了,你一分钟就给我做出来了？平时定的时候你怎么没那么快啊,这回顶个单你这么快埋怨我"
1,奶茶好喝！送餐准时，到的时候还是热乎乎的！
1,百度骑士速度好快啊！而且服务态度超级好～～江山城的饭一直很好吃，走了外卖很方便呢！
1,服务态度好，速度快，值得表扬
1,快递员太给力了！赞一个
1,味道不错，就是凉的
1,一开始以为就是普通手抓饼，拿到后觉得好高大上，牛皮纸袋，锡纸包裹，重要的是肉肉好足，100个赞啊，如果要是再快一些就完美了
1,他家菜很好吃，有求必应，送餐速度很快，赞
1,"味道超赞,送的也快提前了半个小时"
1,太度很好送货及时！^_^
1,等了很久，派送员非常有耐心也很有礼貌
1,非常美味可口，还会再来！
1,口味不错，送货速度快，下次还会预定！
1,时间准。不错。儿子很喜欢。
1,肉太多肥的了，选鸡肉或者牛肉的好了
1,"卖家很贴心让给点辣油竟然把瓶子都拿来了！,芝士再多些就完美啦"
1,小哥很棒，态度很好，才还热着，很好!
1,"东西真的非常好吃,鸡肉的那个,下次还吃"
1,这次速度很快，味道不错。
1,好吃，点了好几次了
1,还要说十个字！？好好好好好
1,小笼包不错，下回还会点
1,肘子肉的很好，素的基本没有菜，只放了酱。送货速度还可以。不到一小时就到了。
1,"第二天接着你家菜单，一如既往的好，量足，实惠，店家诚实守信，要求什么做什么，虽然今天的锅仔鸡蛋豆腐好像给我送错了，还是做错了，送来的是西红柿豆腐吧，这,可以接受，骑士哥是真的扫了今天的胃口，订餐那么多天头一次遇到这样什么都不懂的骑士哥，居然打电话问我详细地址，几环，标志性建筑，最后还要我发地址信息，实在忍无可忍回应他，我在百度订餐留的哪里就是哪里，真的是倒胃口"
1,奶茶超级好喝，推荐。
1,还行吧，可以吃
1,快递小哥很给力，取到餐就立马送来了，但是餐厅晚了好久才做出来，导致晚了好久才吃到饭
1,说好的黄瓜呢，里面是青椒
1,味道好，干净，包装精致
1,菜品好，速度快，真是太好了！
1,非常快，送餐师傅辛苦了，很好！
1,送餐师傅态度很好，送餐也很快，谢谢师傅的服务。
1,送的超快！！
1,"真的很棒,没啥说的了,嗯嗯,棒棒的"
1,还不错，包子味道好，炒饭稍微油了点，不过能接受
1,送餐人员很热情，下着小雨很辛苦的大老远给送来
1,好好吃～～
1,好方便，用了代金券比去店里买还划算
1,大冷天的也真是辛苦送餐师傅了，谢谢您
1,吃起来还不错
1,奶茶超级好喝，喝了好多次了
1,今天的牛肉烧烤饭，感觉牛肉有些不新鲜，送餐员的速度还是很快的。
1,量大，吃了三分之二就饱了！
1,"不错,包装也很好"
1,再加点菜啥的就更好了
1,送餐员辛苦了！
1,因为个人原因未及时付款，快递大哥很和善，帮我想办法，多谢！
1,第四天了！
1,今天真是超级快，感觉刚下单就送到啦哈哈哈
1,"很好吃,特别快就到了"
1,东西好吃，就是只点了两份面还送错了一份！订的是牛杂面送了份牛肉面，价格也有差别呀！
1,取消订单了。
1,大号卷饼太大。如果胃口比较大。推荐吃两个中。
1,配送很快！送来还是烫的！很好
1,老公喜欢这家的炝炒湖南大白菜，点了很多次了。派送也很给力
1,包装很好，饼很好吃
1,"肉多,不错"
1,"饼好吃,送餐师傅也特好,送餐师傅辛苦啦"
1,好吃。一直爱吃他们家的菜
1,特别好吃，超赞
1,很好吃，就是第一次吃，不知道吃法，好尴尬
1,太慢了。。。
1,好棒！一直支持！如果有盖饭就更完美了
1,味道还可以，就是送错了，京酱肉丝变成了香菇鸡肉
1,卷饼很好吃，送餐也很快！
1,不要辣。怎么吃着有辣呢
1,拉面吃到后面，感觉怪怪的
1,很好，见过最负责配送！
1,送餐员很棒很准时，谢谢！
1,工作人员很速度，服务好，赞一个！
1,非常好吃的，就是今天慢了点儿，
1,饼如果弄得再薄一点是不是更好吃呢？刚咬头两口我以为我是在吃馒头
1,这三样都是儿子的最爱，太好吃了呀！骑士送货速度非常快，赞一个！
1,量小，建议饭量大的吃3份卷饼，味道还是很赞的
1,挺快的，好
1,连续几天点这家外卖，味道很良心
1,"还是很好吃~包装特别精致,哈哈哈,都舍不得拆开"
1,好吃是好吃，就是牛肉味不浓
1,各种好^_^
1,卷饼的面粘牙，粥还不错
1,腊牛肉好吃极了！
1,挺好吃的！！
1,非常满意！量足味儿好！
1,非常的快、有温馨提示！
1,很喜欢酸辣汤～好喝～其他菜有机会尝试
1,锡纸包装很好，但是今天的卷饼里面有不锈钢丝。
1,由于外出没及时赶回家，快递小哥在寒风等了快十分钟，为了把披萨放在他随身的保温箱里，满满都是感动啊♥️
1,送餐速度快，好吃
1,百度骑士辛苦！送菜及时！菜很好吃！
1,就是配送大哥忘记给我拿吸管了⋯⋯其他都很棒。
1,超级好超级好超级好啊
1,"粥一般,饼不错"
1,好好好！赞赞赞！态度好速度快！
1,"热干面口淡,皮蛋还不错,送货速度很快"
1,已经养成习惯在他们家订饭
1,送餐快又准时，非常好吃，两个人竟然没吃完。晚上再煮点面放进去，晚饭都解决了。鸡块很多，味道很好。口味重！值得推荐！
1,量少，味道不错，微贵
1,特别特别好，谢谢，很好吃
1,金银馒头不适合外送，金馒头一闷都软了
1,又快又好！！！
1,味道还可以，量也挺足，又便宜，好评！！
1,不脆了可惜
1,周末值班的首选
1,味道还好。服务态度真的很好～！
1,感觉味道没有去实体店好吃
1,"味道很好,只是最近双拼换了餐盒,参合不大好,送餐及时,送餐小哥认真负责,态度很好"
1,这么大的风！骑士送来还是热的！速度真心快！
1,送餐员王昭晖很努力，态度很好，好评
1,一如既往地好吃
1,配送小哥超级棒！
1,"味道很浓,而且还可以换不喜欢的布丁,很灵活的店家,赞一个"
1,今天第一次吃黄太吉的煎饼，不得不说，黄太吉的煎饼确实很好吃，让人回味无穷，你吃过一次就知道知道我说的了，而且店家很用心，服务很好的，下次还想吃！
1,还不错，送的很及时，煎饼不错，豆腐脑能加个醋包，辣椒神马的就完美了
1,好吃但是太咸了，其他都还好
1,骑士服务态度很好，速度很迅速！
1,便宜好吃特来推荐
1,很好吃，很快
1,外卖的饼有点软了，不过送餐还是比较准时的，一般都在30到50分钟之间就能送到，今天的豆浆没有糊味，赞一个！
1,提前送到了，赞一个。味道同堂食基本上一样。
1,不错的一家小店噢，以后会经常光顾的，推荐黄焖鸡～
1,快递员很辛苦！给个
1,满意，满意，好吃，好吃，味道超级棒棒棒棒！速度快快快。
1,"第一次吃速度很快而且也很不错,以后会继续支持"
1,配送员和菜品都非常好
1,不好吃，没有其他地方店面做的好吃，鸡腿肉的酱太少了，特别干，一点都不好吃！
1,速度快，服务好，必须赞一个
1,非常好吃也很快
1,希望速度能快些
1,就是酱香鸡腿味，我说要吃辣一点也没给我加，关键送来是凉的，凉凉的，是一点点热都没有的，买了38的大份才吃饱，我是妹子。
1,土豆丝素材卷期待改良……真心不如薄脆煎饼
1,送货速度挺快的
1,"不知道为啥连袋子都没有，端的我一手油，牛肉的味道可以就是师傅的刀功能再好点么,大的太大小的太小。白菜太油了,建议青菜少放点油，有汤都可以"
1,送餐小哥又帅态度又好
1,猪蹄再烂些就完美了，手套很贴心
1,一开始给送错了，要的肘子，给的蔬菜，不过还好，售后做的不错，又给补送了一份，不管味道好不好，起码态度不错，所以必须给个好评！！
1,非常好，谢谢外送员
1,守时守信！非常好的骑士
1,味道相当不错！一直认准这家店，也经常堂食。今天天气不好，可送餐小哥依然那么快，送来饭非常热，感谢有你们！
1,潜力股，你懂的
1,送餐员辛苦！奶茶味道不错！
1,挺好吃的，粥也很稠
1,皮蛋粥不如上一次的，有点稀
1,总体来说还不错，就是煎饼时间长了有点软，没那么好吃了
1,袋子简直是传递正能量的天使啊～要是能送得再快一点就好了～饿的下巴要掉了～
1,送餐那哥们特好
1,大份适合男人和极其饿的女汉子吃哈，我没吃完，很干净卫生！
1,味道不错，送餐稍慢
1,"神速,惊呆啦"
1,好喝！味道超赞！送餐员也很准时！
1,送餐速度快！
1,送餐很及时，态度也很好
1,比老家的味道差点，不过还是好评！有时间去店里尝尝
1,回锅肉分量很足！很不错！
1,肉很多，卷饼很完整，也很好吃
1,送餐小哥服务很好！
1,送的超级快，太开心了
1,土豆丝好吃土豆丝好吃
1,南京盐水鸭不错，鲜肉小笼汤包皮薄很好。
1,很快很好很方便赞赞赞
1,太慢了。挺好啊
1,味道还可以，速度一般。
1,送餐员的表现比餐本身要赞
1,送的挺快，就是加多宝变成可口可乐了→_→
1,味道不错，挺讲究的，私房豆腐很好吃
1,口味不错，值得推荐。
1,端午节还送粽子。业界良心啊！很棒
1,好吃，但是被烫泡发了
1,好快，下雨天送餐师傅辛苦了
1,非常棒，也很快
1,等了两个半小时
1,"能送这个实在太好了,外送大哥辛苦了"
1,希望下次尽量按时送，不要太早了
1,配送超级到位，配送员认真负责
1,味道很好，配送师傅更给力，准时，饭热腾腾的
1,服务热情，送餐高效，很满意
1,味道确实不错，粥有点淡。下次还会点
1,"这么快就到了,太棒啦"
1,味道很好，送餐员态度赞
1,速递小哥辛苦了，饭菜到手还是烫烫的，在这寒冷的日子，谢谢啦！
1,催了一次单，商家送了一个可乐和水果盒东西非常好，快递员态度也好
1,"很方便,离学校很近"
1,非常划算，很好
1,分量很足，不错，都是肉丁，还有青辣椒，不腻，下次尝尝别的口味的。
1,水煮牛肉肉好少，粽子好小
1,"快递师傅送的很快,给个赞"
1,"喜欢吃,但是量少"
1,外送小哥态度很好，很辛苦。
1,我连着吃了几天，每次都评语，今天你家已经排列百度热榜第二名了，恭喜恭喜，本来今天本来还会订餐的，我家人过生日，以后还会来品尝你家美食的，赞
1,这个小炒肉不好吃，我吃过的他家最难吃的菜之一
1,"排骨鸡里没有青笋么,下次放点吧"
1,包装好漂亮！
1,薏米水也很赞
1,南瓜粥一般般，卷饼不错
1,香脆鸡肉披萨很好吃，这次的料更足，满意
1,表示售后客服很不错，虽然送错口味让我多等了一个小时，但是味道真心很赞
1,包装好，味道也不错，就是粥有点凉，但卷饼太好吃了！
1,又快又好，量足，经常吃
1,味道一般为什么没有酱……
1,鱼香肉丝的好吃，土豆丝的有点油
1,送餐速度快，服务热情，大拌菜不错，整体好评
1,味道很正，速度超快，定过好几次了
1,百度小哥速度超快提前半小时到，非常感谢，这么冷的天真是不容易，再次感谢
1,"粥里有头发,就没吃,剩下都好吃"
1,整体都很不错
1,挺满意的，可乐特意用胶带封口，没有洒出来很多，豆腐脑和煎饼我觉得味道都不错
1,东西非常好，还是热的，辛苦了！
1,超级棒！超级棒！超级棒！
1,"粥跟卷饼都很好,配送也超快,我就想说一点不许就是,真尼玛辣"
1,送餐超级慢啊，味道很好
1,太爱吃了，经常定，速度特快
1,"餐盒漏了,菜油洒了一袋子"
1,送餐快，味道可以。如果有满减就更好了。
1,"农家小炒肉,有一点辣了。"
1,粥没有给勺子，，点的大份但是送成中份了，已和卖家协商好。
1,棒，是不是考虑办个会员卡呢
1,配送人员态度好，速度快！
1,"外卖小哥,大赞"
1,菜品好吃，味道正，量足，用料好。快递小哥效率高，服务周到，跑了两趟特意送发票，认真负责，赞一个!
1,送来的挺快的～味道不错
1,这大下雪天的百度骑士非常好非常快的送来了，必须好评大赞
1,"都是肉,有些干,肉真的很多,多一些汤汁就好了,味道还不错,还送了个速溶咖啡"
1,味道不错～优惠力度好大
1,红油抄手贵，但味道确实不错
1,肉松的相对好吃一点
1,服务很到位，土豆丝卷很好吃，中午订不了粥可惜
1,送晚了，饿得吃得很香
1,饼很大，但是速度很慢
1,快递小哥送餐快，煎饼味道也不错，好。
1,宇宙卷饼非常棒
1,挺好吃的，以后有机会还会点，非常实惠！
1,味道真不错，送餐师傅辛苦了，这大雾霾天气还很快的送来了美味，谢谢
1,比预计时间送的还早十分钟，态度很好，点赞！
1,菜品选择再多一点就好了
1,非常好。送的也特别快。棒棒哒！
1,不错，好吃，两个人没吃完，还会光顾！
1,速度还可以，味道好
1,味道不错，服务挺好
1,送错了，店家重新补送了一份，不错~
1,味道不错，耦盒很好吃！
1,不是说好送王老吉吗？为什么没有？这样不好吧……
1,点了太多次了，味道很香
1,早送到了，忘记点确认了，对不起小哥和店家
1,配送员很好
1,送餐很及时，菜品味道不错！
1,"量很足,确实够厚,大号的吃不完"
1,还是不错的
1,配送非常快，10分钟就送到啦～
1,真不错，还有活动，超值的
1,好喝，大雪天的非常感谢
1,吃好几次了挺好的
1,配送师傅速度很快，态度也好。
1,骑士师傅辛苦了，大冷天的。
1,送餐的叔叔特别温馨！每次都急急忙忙的跑来。谢谢送餐大叔！宇宙家的卷饼味道都很赞！
1,"土豆肉丝卷有妈妈的味道,而且今天送餐还很快,大赞"
1,太贵了，八个饺子大小的包子，几口就没了。
1,很快，很好，经常订，谢谢师傅
1,肥肠超级多！量很足！一直很喜欢他家的菜品
1,送餐准时，服务到位，非常好。
1,很不错，口味很好，但是送过来的时候只有一个袋子在外面，没有保温措施，粥已经有些凉了。
1,非常不错，味道也非常好！
1,挺好吃的，也干净，小炒肉很解馋
1,还不错！这次点的是饭，没有立减的话，那就不值二十元这个价！
1,。送餐员特好的说话。。。。。。
1,快递很及时，很方便很好
1,"还不错,就是一盘京将肉丝"
1,挺好的，送的很快，包装很好，肉太多了，吃不了也是醉了
1,速度很快，不错啊
1,送的快，下单没多久就到了
1,还可以吧！！！送餐很快
1,"汤很好的说,送餐很快,棒棒da"
1,"好吃,而且很快,送外卖的师傅辛苦了"
1,挺好吃的，好吃不能怕贵，值得
1,"挺不错,老想吃,贵也吃,第一次吃就吃好了"
1,"很客气的大叔，卷饼very,good"
1,好评一个。干嘛非要10字以上！！！
1,便宜实惠量足好吃！
1,吃了几回了，味道很好，实惠，商家考虑很周到，包装好，服务也好，满意，还会再来的哦！谢谢了！
1,第二次买了，味道很好!
1,太好吃了，不是第一次点他家的饺子了。皮薄馅大，真不错。送餐师傅很及时。
1,很快，不错。
1,很好，热干面有点干了，但是是正常的，好吃。
1,不错，卷皮厚了一些
1,还可以，就是米饭偏硬了点
1,味道比以前有改善！
1,吃过好几次了，味道挺不错的，外卖送的很快，喜欢
1,煎饼很好吃！送餐很快！
1,包装精美，味道可以，赞
1,快递大哥很负责任，相当棒
1,有点辣还行吧，米饭少
1,不错，很好吃。
1,北菇滑鸡饭稍微有些咸
1,很好…送餐很快，菜也很好吃
1,味道还是那么好，服务也很好，就是速度再快点就更好了
1,味道不错，能看到送餐员的行踪
1,太麻了，青笋有点小，米饭给的也不多，土豆片都碎了，找不到了
1,现在的送餐速度是越来越慢
1,第一次少送了，让配送员跑了两次，不好意思！
1,菜品味道好，师傅送货快
1,快递小哥很速度，辛苦啦！
1,快递师傅特别好，大冷天真不容易
1,"定的11点45送达,这10点半就到了,上班没法吃,一会只能吃凉的了"
1,"我想说我的皮蛋瘦肉粥呢,就光把卷饼送来了,粥呢？"
1,菜味道不错哦！快递小哥也超赞，送货速度超快，态度超好，菜送过来时热腾腾的！
1,很好很速度
1,大雪天，辛苦了百度骑士，赞
1,很准时，还热着呢，满意
1,感谢配送员，我选错了地址，他也帮我送了，感谢！
1,"都很好吃,可是沙拉里面有一颗肉虫,差点就吃进去了…,希望店家洗菜注意"
1,土豆丝卷饼好好吃
1,送餐非常快，给快递小哥一个
1,服务热情周到，菜品可口
1,"为什么不能用代金券,为什么没有满减,下次不定了"
1,鸡肉有点老，味道不错
1,好吃，这个评价够了吗
1,送餐很快。很方便。谢谢
1,还好吧，披萨不会再要这个了，可以试试其它的
1,送货的小哥服务超好的
1,还可以吧。没有土豆丝的好吃。个人感觉。哈哈
1,速度快………………棒棒的
1,超级超级美味
1,谢谢咯，辛苦了。
1,外卖小哥很赞！送的很快养乐多好喝！
1,服务很好！少了豆浆，又特地送来
1,味道还行，量不大够。
1,奶茶很好喝，快递小哥也超给力！赞一个，辛苦了。
1,送餐速度很快，饼很好吃
1,送餐员辛苦，饭也好吃，继续购买
1,就是有点慢
1,里面加肉的有些腻，下次尝尝土豆丝的~~但是超级好吃~~
1,略慢，不过很好吃，五星好评，点个赞。
1,不错，不错，用百度外卖太方便啦！
1,凉面味道确实不错，豆浆好喝。速度快。
1,"好快啊,第二次吃了依然很棒"
1,味道不错，送餐及时，态度很好
1,送餐师傅服务超好！满意！
1,"其它都挺好,就是鸡柳煎饼太难吃了,太重口味了,吃完直恶心"
1,"汤包还是挺好吃的,再次订了"
1,速度还可以！下着雨呢
1,味道不错，速度很快。
1,还好吧就是这个时间啊！两个半小时！也就1.5公里距离！这个时间1我走着来回两次都够了
1,挺好的，挺快的
1,煎饼很给力
1,感谢骑士师傅，辛苦了！回家路上定了餐，到家没多久就收到了！赞
1,好吃又便宜
1,3个小时……
1,"很好吃的。评价晚了。,嘿嘿"
1,今天下雪。天气寒冷。辛苦送餐员了
1,"速度需努力，再接再厉,,"
1,谢谢送餐师傅，饭菜也比较可口。。。
0,"太坑了，要了奶黄包,送来两份豆沙包,给客服打电话说补送一份，结果送来还是豆沙包"
0,一个半小时才送过来，然而没有粥。。。。我也在怀疑这是不是牛肉蔬菜的。。。。外卖大哥坚持自己没送错，餐厅电话一直在通话。。。。
0,豆腐脑和豆浆洒的到处都是，煎饼成泡饼了，真无语
0,"太慢了,慢的不行,而且外卖肉少的可怜"
0,菜量比在店里吃的少很多，大家注意吧，谨慎下单！
0,我点的20元的牛肉蔬菜卷，送来的是8元的尖椒土豆丝
0,没有优惠差评！
0,没想到已经凉了，比必胜宅送，差远了。起码那个是热的！
0,比别人先定的还比别人后到是什么原因
0,送餐员态度恶劣，延迟送饭。导致披萨凉透，而且只提供一套餐具，不核对餐品是否齐全调头就走。
0,优惠结束了。。
0,下午1点送到的，面都坨了。没有吃
0,吃了一半就吃不下去了，里面尽是肥肉，吃完就开始难受，拉了一下午肚子，再也不吃了！
0,少发一份青笋，外卖量比较少
0,送餐师傅也不容易可以体谅，不过这咖啡撒的也是可以的，白色的星巴克纸杯几乎都撒成咖啡色了，其他师傅送也没有出现这么严重的撒漏，只能是希望师傅以后路上小心一些，毕竟买的就是质量
0,预计11：30到达的，12：35才送，那也就算了，质量也不如以前了，面皮是有点生。
0,减量了吗，没有咸淡味，菜也很少。
0,和之前吃的完全不一样，豆芽和汤多其他的量明显减少了
0,送餐很慢！送来都冷了，味道也不好，
0,送餐时间上太差劲
0,太差劲了~送餐晚了就算了，还让人自己去取餐，是你送外卖还是我送的，自己下去，还订餐做什么！
0,时间有点长，所以化了！
0,鱼可以，豆腐这次好像没盐。主要是送餐太慢。要啊饿死了。
0,点了三碗汤，不给勺怎么用！！！专门留言要勺了你们眼瞎！！！
0,质量变差了，因为定的太多了？
0,"还有比差评更差的评吗,小迂腐这名儿起的贴切,近两个小时不送,店家还失联,送来了打开一看一度以为送错了,红烧排骨套餐有一块排骨吗,这样的店还有存在的必要吗"
0,"给了半盒子海带,不是人吃的东西"
0,"太慢了,一个多小时才送来,差点耽误事"
0,味道真的很一般
0,送的挺快的并且食品还是很好的跟以前一样我喜欢的口味，但是我要的发票没有送来呀
0,经常吃，但是这次菜量是以前的一半，根本吃不饱
0,老汤捞饭味道有点奇怪，有点咸
0,差评，差评，差评！！！！！！！！都没给送餐，把钱退给我行吗？以后再也不定了！！！
0,未按照约定时间送达
0,没有发票，送餐时间晚，
0,咖啡都洒出来了，杯子都湿了
0,等了70多分钟，餐都凉了
0,太少了吧，一盒都没满，谁家干锅这么少的菜，还是小盒的还那么贵，，等了好久，太不诚心了
0,慢的要死，一点也不好吃！死贵！
0,一个小时才送了，送餐员打电话说到楼下了，结果下去还要等他几分钟，而叫的烧鸡饭，才两三块肉，能不差评吗？！
0,"十一点订的,等到快一点,以后再也不定了"
0,等了两个半小时，也是日了狗了
0,这次味道很咸
0,"我要的是酱香,这个是辣的,不是酱香的那辣"
0,送的很慢，但是味道不错，可以再继续尝试，只是希望提高送餐速度
0,"没味儿,白水一样"
0,披萨很好，但是希望电话通知
0,分量少，不好吃，定了好几份，同事都说不好吃
0,东西好吃，但是要等好久！好久！好久！！！！店里电话打不通，好容易打通了，要了送餐小哥电话，结果是个空号！！！！！真的无语了！！！！
0,非常的慢，没有按时到达，并且售后很差
0,菜量太少了，不够配米饭的
0,说实在的真心不好吃，送餐挺快的。量挺大的，一点味都没有！就米饭还不错，绝对不会再去这家吃了
0,等了整整两个半小时。。
0,"迟到3小时,配送不知道是哪家得,很混乱"
0,送货超慢，已经都凉透了，饼硬的不行。
0,我想说的是，正如评价说的，一点都不好吃！一送来，整个家都臭了，还有那个酸笋太难吃了！！！以前在桂林米粉吃的超好吃！这个一点酸味没有，而且感觉快坏了
0,土豆丝很难吃
0,米线汤都洒外面了
0,不好吃...
0,卷饼没有想象中的大，但肉很多，就是送餐有点慢
0,首先送餐速度奇慢~~催了2次，再次送餐人员态度差~还有菜的质量不太好~
0,这个真垃圾，我订的是11点的饭，结果12点10分才送到，最最可恨的是，饭都凉了，但是王老吉竟然是热的，我算是无语了。联系客服，说是负责人会给我联系，但是，这都特么过去一个小时了，也没有接到负责人的电话
0,宇宙卷饼辜负了“宇宙”的大名。饼难吃，肉不香。店家在没有任何告知下，更改订单内容，这种做法实在不妥，事后还找各种借口为自己的错误行为辩护。不会再光顾。
0,配送员素质太差，等了两个小时多！送来的时间长短不说，面都堆积在一起，还主动和我们吵架。太差劲了！
0,你确定你做的是京酱肉丝？还是欺负顾客没有吃过？还是因为顾客选择了打折？还是百度没有给你们补差价？米饭还是二次加热过的，明显是剩饭。无语，伤心，不会再订了
0,外卖小哥不送到指定地点，差评~
0,没找到地方自己拿回去了，也不跟顾客说，等了两个小时，服务态度也差劲，千万不能在这家订。。送饭的还理直气壮的，说不关我的事，又不是我送的刚才，饭还是凉的，就让人收。。
0,送餐太慢了，每次都要1个多钟头
0,不是一般的慢啊，快仨小时才到，不过素的卷饼还是挺好吃的，送餐太慢，感觉以后不会来了快～
0,"差劲的很啊，少送不说,，还强制消费。。。想退款，很麻烦的"
0,送餐时间太长了。。。。
0,第一次的配送员打翻了我的面；第二次的配送员态度很差，手机号码是：13051325039.
0,严重超时，无法联系！全是凉的！
0,收了我2块钱餐盒费然后，不给我拿餐盒和筷子，什么饭店呀？
0,很难吃，客服服务态度差，5：30的餐晚了一个小时
0,"商务套餐没有给换了排骨套餐，但是土豆片是脆的,我在想,这是熟了么？别的菜还行,送餐很快"
0,送的挺快，半小时吧就到了，但是味道不太好吃
0,两个小时的配送时间，真是服了
0,海螺是剩了俩月的？难吃的要死…直接扔掉，第一次买，最后一次买
0,都凉了，不好吃
0,好久，我都快把这外卖给忘了，送餐员来了还在这等着我给钱，虽然我已经在网上给过了
0,哎，态度挺积极，效率太低
0,太坑了吧，看图片以为很大份的，结果小的可怜，而且里面很多肥肉，根本不是肘子
0,"口味很一般！,万恶的百度外卖,你们优惠券每天只能使用一张嘛？？？！！！害得我下午不能喝星巴克了！！！,靠！！！真服了！！！"
0,明明三个人吃饭，店员只拿了一双筷子。无语。建议还是去店里吃。
0,两个小时才送到，还说路上堵车，骑电动车哪来的堵车
0,送餐速度太慢！迟到一小时！卖家毫无歉意！
0,"超级恶心,取了半个小时,送了45分钟,不给打电话还不给送呢,张嘴就瞎话,说在楼底下了,出去等半天也没人,还差3分钟就半价了,早知道不尼玛给你打电话了,直接半价拉倒,星冰乐一点冰都没有了,奶油也全泡没了,咖啡也洒了点,最快一次一人13分钟送来了,你TM送了1个半小时,人比人得死,货比货得仍啊"
0,等了两个半小时。。。
0,真是服了，等了将近两个小时才到，送餐的人说什么要下雨了还催我下来拿态度特别差。。
0,送餐速度快，菜的话翅根很好
0,饭菜不错，送太晚了。
0,外卖员没有送上楼，要求客户下楼取餐
0,说好的不要海鲜呢！！海带不算吗？！
0,送餐人员态度恶劣，等了超过一个半小时，送来以后还骂人，叫过这么多次外卖从没见过这种送餐人员
0,菜越来越少了！米饭也少了！
0,"配送员态度好,但是买了四种馅混杂一起不好"
0,下午五点五十五订餐成功，七点半之后才吃上饭，酸奶连影子都没看到，味道也就那么回事，蒜蓉粉丝娃娃菜油特别大，烧二冬都是淀粉，糊嘴都，以后绝对不定这一家了
0,不知道是不是忘了放盐，肉很腻，味道不太好，小菜还是不错的
0,我觉得比在店里吃给的少，预约的12：15分送到，实际11点多点就送到了！
0,订的11:45的餐，结果11:30就到了。最主要是两份饺子没有料，连筷子也没有，建议店主改进下。另外，扁豆丝盖饭味道有点甜，不太好吃
0,打了n个电话，n个人跟说我在送了，然后两个小时后被告知，我的订单落了，压根还没做，我真的是*******~
0,速度很快，韩餐沒有给辣酱，无语了
0,送外卖的呵呵了，不给送到我给的地址，还让我自己走老远去拿，那我还订外卖干嘛。卷饼还是很好吃的。
0,菜的份量跟全聚德比差了
0,豆腐有的不怎么太熟，太少了
0,这家店就直接没送，接单不送的店
0,少送了一瓶加多宝
0,"猪蹄每次大小不一致而且太肥过于油腻,配菜应该是海带丝,所以整体一般希望改进"
0,两次了都送错粉，下单是牛腩粉，送餐的单子写的大排粉，实际送的是红烧肉粉，价格也比我点的便宜，什么情况，绝对差评！
0,2小时到的，不过快递小哥挺辛苦的
0,说了多放辣多放辣，结果一点都没放服了
0,没时间出去吃，叫了个外卖，等了一个半小时都没到，中间催促三次，系统都不接受催单了，最终也没吃到，为了小伙伴的餐没退单，真心郁闷的一次
0,"菜量越来越少，小炒香干大概占了盒子1/4的容量吧。,速度慢，送到时饭都冷了"
0,"一个小时,已经出发了,两个小时,哦,单子弄错了,没送呢,然后刚要电话取消单子,送餐电话就到了,心想知道弄错之后这么快就到了,然后接到电话,下楼等外卖小哥,等了五分多钟才到,真是等的都不饿了,到了再打电话不行吗,让我还在楼下等那么久,炒饭还行,双皮奶一般"
0,又贵又不好吃，送的还慢，一个半小时，真是够了～…
0,东西差难吃，吃一半就给扔了，另送餐人员素质也不高，
0,送餐打电话跟要打架一样，我还挺客气的说放在门卫那儿就好，话还没说完就给挂了电话，够可以的
0,十一点半下单，显示十二点四十送达，结果一点半才送到！！
0,送餐的人很好，但是为什么满五十送鸡条就没有，给这个店差评，极差评，百度的配送绝对好评
0,"送餐时间还可以,不过菜品不对,！,我点的饭,送的是意大利面！,差评"
0,"花了2个小时才送到的....,以后坚决不用百度外卖了"
0,今天送的很快，快递员态度好，味道很好
0,看在我最后没迟到的份上
0,垃圾，慢死了
0,本来点够了60应该减30，因为点了一个特价的鸡腿饭，结过就减了鸡腿饭的5块。我知道提交订单的时候有提示，点了特价饭就没有满60减30的活动了，没看见是我眼瞎。可是你们这么跟消费者抖机灵真的合适吗？以前只要订外卖我肯定选和合谷，可是这次吃完后真的感觉恶心了。祝你们生意越做越好，越做越精明。
0,一个半小时，可以
0,"订了一份大酱汤，送来后一看，好少，都没吃爽，最后米饭剩一半，好浪费(⊙o⊙)…,鸡块还算可以！"
0,今天外卖的速度真是大失所望！
0,垃圾百度送餐，多近的地方就没有一个小时内送到的
0,"还不错,就是想吃两个蛋的煎饼不知道怎么算价格"
0,速度慢，第一次订餐就迟到，晕
0,金手勺你家血肠我特别喜欢吃，可是你居然没有单份的了，我恨你
0,味道真不咋滴，送餐送到汤撒的到处都是，差评
0,"和店家讲了，辣一点,结果没拿辣椒"
0,送餐你得给筷子啊。。。。。
0,一勺一口姜，是不是把姜当蒜，放了2遍？
0,送餐慢，还找不到地方。第二次了
0,忘放芝士。。。而且配送慢饭已凉
0,粥里面竟然有蛋壳，
0,10点50订的，12点半才送来，都凉了
0,可能我不喜欢吧！那个皮好生啊？感觉不太熟
0,"4个钟头,大家自己想想吧,这样的店"
0,又是没用脱脂奶，备注是白写的吗，要是觉得定的少不想代购可以干脆别代购了，郁闷啊
0,菜里吃到了清洁球！！！！！！！！
0,"不错,量多。能吃饱"
0,太特么难吃了，豆干里的俺村蛋都硬的
0,太黑了，居然涨价
0,比约定时间晚了整整40分钟！问送餐员怎么晚那么久，居然说饭你要不要吧？！真么见过这样的，还没一点歉意。百度客服也就那么回事，形同虚设！
0,小渝府，不再爱了！
0,香草的里面完全没有咖啡，就是杯奶！
0,"不好吃,量好少,味道还不好"
0,比较多，女孩子吃不完
0,"不好吃,做的特别油,而且是甜的"
0,汤直接装塑料袋里了，我想问问我该如何倒进盆里？
0,说了希望多送点泡菜，结果连一点都没看到，
0,支付宝一用就给我退单，到付就行，明显是不肯优惠嘛。。
0,到餐时间真心很长，送餐员就说了个路上堵车然后拿钱就走了。。。。。
0,"还行,送货挺快"
0,"太难吃,点了绿豆沙也没给我。。。坑"
0,鸡就跟半份似的，四块肉，四五块香菇，三四个像鱼丸大的小土豆，这菜太坑爹了
0,不信你就是试一试！二小时必到～是两小时哦(⊙o⊙)…听说这是快的！
0,咋的了？送餐员啥态度？办公室门都不进扔门口桌子上了，门口没桌子你打算给我扔地上啊？假期结束你心情不好啊？我还心情不好呢，吃你们家东西多少回了，现在都这样态度了，米线碎了都
0,"预计最晚两点十分送到,收货时间两点五十五分,咖啡已经变成凉的"
0,"送餐速度一般一小时左右,等待太漫长啊,味道还不错"
0,肉太少了送餐慢
0,冰咖啡忘记带吸管
0,奉劝订餐的朋友们，如果肚子饿的话一定要提前订餐，否则你会饿的没劲吃的！真的是等了太长时间才等到，中途还打了好几通电话，好在送餐的姐姐态度很好，一直在赔礼道歉，才勉强给2星！不过感到安慰的是正一味的饭真的是好吃，量也足！希望能够想办法提高送餐速度，不要因为这个影响了订餐人的心情，这样吃下去的饭会很不健康的！
0,送餐时间耽误好久，都凉了！很难吃
0,这次订餐太次了，蛋炒饭一点味没有，疙瘩汤水似的，里面还有绳子，肘子就不说什么了。经常定金手勺，这次太失望了。幸好送餐师傅挺好的。
0,菜挺好吃的，但是速度真心是！！！饿死了好几个人了才吃上饭！
0,太慢。菜全洒了。
0,点错了，还没送到啊
0,送的太慢了，到了都不饿了
0,拌饭味道确实需要改进
0,送餐很慢很慢，定的很早了还送了一个半小时。定的粥没给送，说给退钱也没给退，一点诚信都没有，同时也遇到过同样状况，不会再来了
0,味道不敢恭维
0,我要的精选米饭，你给我送过来一个空盒？？？你TM在逗我吗？？？？？差差评！！
0,纯素拌饭真心难吃
0,一共就五六块牛筋，其他都是菜，菜量也不多，这好意思好称30的套餐。。送餐员不认路，隔100米就要让我自己下楼去拿，这也叫外卖？
0,应该是最后一次点。。
0,速递级慢，等了将近2个小时，也没有赔付，以后没法在百度订了
0,"连续两次都不给筷子，还有,买了2盒王老吉,漏给我一盒-,-！算了吧,。"
0,送的时间太长，东西都送错了
0,宫爆鸡丁做的还没有小餐馆的好吃，菜单里面没有米饭，商家打来电话说米饭一盒5块，2块一碗，里面有两碗，餐盒单收费，我也是醉了……就这一次，再也不要吃他家饭了
0,餐品送錯，告知也不理睬，不負責任
0,等了一个半小时，我觉得我脾气还算好的吧？都没有骂街，只催了一次单，是不是因为我已经付款了？
0,送餐慢，望日后改进
0,"给商家打电话直接问怎么没减5元,说不归他们管,直接给我挂了，，之后再打根本就不接，，什么玩意！！！什么服务态度！！！！"
0,订餐后一小时还没送，给黄太吉400打电话也一直忙线，最后是给百度外卖的400打电话才给催了
0,"1，快2个小时才送到,也没有超时赔付,2，没按备注制作咖啡,3，冬天能不能增加点保温措施,热饮变冷饮了"
0,霸王鸡条没有给蘸酱
0,面送过来就会坨了软了，口感不好，其他还可以。
0,可能是送餐员路不熟吧。居然2个小时才送到。然后我订的2个卷饼变成1个卷饼1碗粥。打电话给客服后，给予了解决。从新送了一份外加主动多送了2个饮料。土豆尖椒的卷饼一般，鸡肉的还行。
0,就是太慢了
0,前几次面是分开的！这次没分一个多小时送过来已经没法吃了！
0,面送来味道就一般了
0,挺好哒。米饭很足。很容易饱。
0,"12点下单,13点20才收到,耽误了电影开场不说,咖啡直接洒成小杯的了"
0,百度外卖小哥很热情，很好！可惜菜太差了，难吃，糖醋里脊黏不啦叽的，千叶豆腐不是一般的辣，木耳也没啥味道，很多杆儿，木耳品质也不好
0,"一个半小时送来,还说他们忙！！！！！忙就不要开店了"
0,饭量少的惊人，味道也不怎么样
0,东西太少了，不值30元
0,量太少，大酱汤套餐真心不值！一份汤，一碗米饭，一盘咸菜竟然那么贵，没尝出好吃来，一般吧
0,足足3个小时才送到！
0,"等了将近2小时,得到了半价赔付"
0,太慢，时间不准确
0,永远不会光顾这家，点了一份炖牛肉，牛肉的味道真是难以下咽，膻气和臭味混合，恶心死了，炖牛肉里有土豆、尖椒，胡萝卜，完全炒牛肉的样子，跟炖牛肉差十万八千里，恶心完全不会再来，点餐的朋友们小心了
0,翻遍了米线也没找到肥牛啊！
0,3个羊肉串放在饭盒里面数了数合计11粒，豆腐很大的羊肉味，一个碎渣。茄子味道一般。。。羊肉串，差差差，非常非常不满意
0,真的两个多小时！！！！
0,送餐速度真慢，送来的都是凉的，让人怎么吃
0,不好吃，饼跟面皮似的，肉太干
0,按份要的虾和肉都少，只有菜叶和油豆皮那份超级多
0,写的下单满赠送饮料的，可是没有送，跟配送员说明了情况，他说下次订饭时写上欠饮料一瓶！
0,"速度快,味道一般,量小"
0,没有酱怎么吃啊
0,"太差了,没有诚意,没有吸管怎么喝"
0,没有收到餐。。
0,"送的很快,态度很好"
0,还是很慢，每次都很慢
0,不喜欢，有股怪味。。扔啦
0,卷饼不错，但等了两个小时，什么情况
0,"十一点四十订的,一点零五送到,送餐员一句不好意思都没说。。但是东西,还是一如既往的可以"
0,送餐送了2小时…电话催了无数次…送来还少了一个…崩溃
0,承诺60分钟送到，从来没有做到过。汉堡和薯条都凉了，还能有什么味道？
0,饺子没有煮熟。
0,东西少了西兰花，菜花，鸡蛋。我写了微麻微辣，结果是超麻超辣。
0,傻逼一样，跟1楼告诉我等电梯上不来，墨迹了40分钟，最后还是我下去取得，sb店关了吧
0,送餐有些慢，菜的味道不错
0,"首先说味道，难吃死了。,其次是，下完定单私自提价，以没有这个菜为由多收两块，网上明明有，下完定单付了钱却说没有。有意思么这么玩？"
0,从点餐到送餐用了两个小时，给一星都多余。这还叫送餐么？？
0,"太慢了,太辣了,小炒肉"
0,今日菜有些咸
0,配送速度很慢。
0,你们的菜品质量已经刷新新的下降高度，店家你们知道吗？这么好的地方美食你们忍心做成这样吗？
0,"两块腰子还没一块鱼豆腐大,太坑人了15块钱花的"
0,又没加浓缩，备注里面写的很清楚，为什么十次有八次都没加浓缩！！！百度外卖真的服务这么差吗？是星巴克问题还是百度外卖问题？？？
0,这次很慢，送来后袋子都快捂化了
0,"买了这几次的面都不好吃。都糊掉了的,猪手挺好吃的"
0,11.30定餐，1.00送到，中有打了4次电话催，生气。。。永不再来。
0,"等了两个半小时,年前也就这速度了,电话也不接"
0,送来倒是准时，可是都凉了！！！！！！！！
0,饺子皮太厚饺子包的有点像包子
0,要的套餐（套餐含饭和饮料），就给送饭了，打电话过去说给补送，现在也没送来，差评！
0,打开煎饼就看见一根头发；定的豆浆给的却是可乐；希望5:30送达，5点就到了。应该不会再吃了。
0,已经二小时了还未送到饿坏了。
0,都化了，不好喝了，想退了
0,没有年前分量多了
0,送餐太差了，大酱汤全撒到袋子里了，沙拉的盒子是坏的！
0,我这么平时因为现在的订单两个多小时了还没到，你们可以试试
0,骗人的地方，点了餐要是送不来到是说话呀，根本没人理，中午饭你下午两点送是什么意思呀
0,实物与照片差距太大！！
0,快递员超时送来了，但是很理解，大热天的不容易，来回跑，不过态度是很好的，下次早点就好了
0,超过了预期时间
0,不给番茄酱，怎么吃！特意说的居然给忘了！
0,"没送,直接关单"
0,有点辣，送餐慢！
0,等了好久好久好久。。。
0,等了2个小时才送来，多次催单，想取消订单餐厅电话一直占线。
0,套餐里有橙汁都没给，干毛呢
0,这个菜真的没有其他好吃
0,真是太难吃了，硬得咬不动
0,饭盒还没小盒八喜盒大，根本不够吃
0,总体还好了，就是油太大…
0,皮真厚，晚了半个多小时，送的慢不说，饺子都没煮熟，自己下锅又煮了一遍。再也不会订了
0,"卷饼皮是真厚,土豆丝太少了"
0,包装牛逼，味道一般，皮厚馅少
0,一个多小时才送到，都不好吃了
0,"很一般,有点小失望,而且送过来是凉的"
0,等了快三个小时才吃到饭，这已经是第四次了，订完还特意给总部打电话说快给我下单到分店，没想到忽悠人呢，菜品量越来越少也是，大差评！！
0,9元价格很实惠，米饭量少，吃不饱。
0,原味鸡能不能差不多点订了六块、基本上都是一样的、上次订也是这样问题
0,垃圾，等了两个小时才送到，都饿死了。再也不买了，垃圾
0,在线支付之后，送餐还收费，家里老人不明就里就付了，差劲！
0,总是不能按时到
0,差评！溜肉段明明每次都是两个半盒，这次只给了一个半盒，打电话过去居然还说是正常的量，当我没吃过啊！
0,鸭卷不好吃
0,"不,好,吃,！"
0,这么点菜是几个意思？！气死了。一次比一次少，店家欺人太甚。
0,"口味还可以,就是送的有点慢..."
0,等了两个小时，都不容易，算了
0,今天这顿午餐吃得着实不爽，10点多订餐，要求12点到，结果迟到了40多分钟，1点就上班，还有时间吃饭吗？配送员竟然和我抱怨说这边太远了，这个理由太扯了吧。好吧，就不说菜汤都流的到处都是了，着急赶快吃完上班，一口菜进嘴里，一个比鱼刺还大还坚硬的塑料碎片卡在嗓子眼，估计是你们塑料勺碎了吧？怎么还掺在菜里面？幸好我及时取出，现在嗓子眼还疼着，物证还保留着。这种卫生，着实醉了。
0,送来的一个菜不是我点的，说没了换个菠菜结果来了一个不知道什么菜。鸡胗也很难吃，辣的很不正常，吃完今天晚上一直在拉肚子。
0,"不错,就是菜有点时间长了,不新鲜了"
0,"等了两个小时,没按时送,饭都凉了,人也饿过劲了,菜也凉了,不好吃,以后不会再叫"
0,味道一般吧~而且吃出一根头发！！
0,送餐少米饭，要了三盒来了两盒，说给你和两盒了
0,这绝对是我吃过的最难吃的卷饼，没有之一。而且要多慢有多慢。
0,挺不喜欢给一般的评价的。腊八，特意提早到十点半订的餐，结果还是晚了近一个小时。肉饼和糊塌子都凉了，而且特别的油，菠菜老的嚼不动，黄叶子都在里面。也不知道说什么好了。
0,无敌慢！！！！！！！昨天2小时，今天依旧2个半小时都，居然还没送到
0,食物很好吃配送很烂很烂，足足等了快两个小时，说什么电脑坏了没看到单子，那请问怎么接单的呢？忘了就是忘了还找借口，烂上加烂
0,麻辣香锅味道一般
0,送餐速度真的很慢，还忘了送粥过来，又补送了一次，肘子卷很一般，如果能把设计包装纸袋子的精力放在提高产品质量和送餐速度上就好了
0,可惜一直给的五星好评了。送外卖的伙计居然说以后不给我送了。理由是我们楼只有我一个叫餐的
0,汉堡超小，跟烧饼似的，以前在店里吃的都觉得量很足所以才点的，没想到外卖差这么多。。。千万别买真的好小。。。
0,我确实是忘记选择配送时间了，你们商家从来不看买家的备注么，也真是醉了，这就是直接吃片汤了，服气了
0,"一定不要点炒面,2小时终于坨成了石头"
0,开餐具袋的时候，你们餐具袋里锋利的牙签把同事的手都戳出血了，可惜不能上传图片……
0,再也不定了。
0,一般。名不副实。不会再订了。
0,"别的先不说了，我餐给我送丢了。。丢了你敢信？我在下面等了10多分钟，跟煞笔似的，送餐小哥让我联系前台，前台让我问小哥。。等我上楼，屁股还没挨着椅子，又打电话告诉我撕错单子了。。用一句文明用语，i,really,ri,le,uzi。。"
0,一个多小时不说，还打了n个电话才找到，送餐员也太笨了！送过来饭都洒了，流了我一桌子，不给差评都对不起你们，完全没有没食欲了
0,香芹牛肉丝就跟凉菜似的，凉拌莴笋丝喂猫呢感觉，也太少了吧
0,食物太差，其中一個餸是壞的
0,火锅店的炒菜。。不敢恭维
0,菜全撒了，盒子也裂了，就是没办法放图，下次不会在从百度外卖订了，所有的app中服务最差的一个
0,米饭里十来厘米的长头发，这是能看的到的，真担心他家的卫生问题，以后再也不敢叫他家的外卖了
0,差评，差评，没吃过这么恶心的冷面，一口就吃吐了
0,太清淡了，没什么胃口，菜饭明显不等量，菜太多，饭太少
0,"不是我想说没货了，就不能马上停止接单嘛？两个小时才送到，饿到胃痛不说，都已经上班了很耽误事。饼还凉了，你说能好吃吗？,另外，我真服了百度外卖的办事效率，退款要15天，今天都第16天了还没有收到退款。不在乎那点钱，就是感觉很不爽，以前还觉得百度外卖挺好的，几乎每天都用。"
0,京酱肉丝还可以
0,迟到20分钟
0,特别难吃，有点搜了，再不订他家的饭了
0,"送餐大哥很给力,下着雨送来的赞哦,不过菜味道一般,米饭少的可怜"
0,送餐，我等了两个多小时，饿死俺了
0,外卖等了两个半小时才送到，给客服打电话让商家回电也不回，最后外卖小哥说电动自行车爆胎了，不如说实话，忘了就忘了呗，卷饼还是好吃的，希望以后不要忘单了。
0,送的面食，就提前确认好位置嘛，送了一个小时，要客户一遍遍催，面放一个小时基本就不能吃了。服务态度还行，但经验还得加强
0,之前买过这个菜，鱼和酸菜量都足，吃的很满意，可是这次鱼少不说，酸菜也很少，满碗的辣椒葱姜蒜！全是配料！我买的是酸菜鱼！不是葱姜蒜辣椒汤！太让人失望了！
0,"我这太慢了吧。百度外卖说给回复,回复哪去了，迟到了2小时。"
0,单加的青菜里有根头发
0,买了个王老吉，生产日期是2014年8月份的，僵尸饮料吗？
0,菜太难吃了
0,味道一般，送餐堵车所以延迟20分钟
0,"饭菜都是凉的,速度还慢，再也不会买。"
0,送餐时间特别长，2个多小时。。。自己想吧
0,"耍流氓、、、牛肉呢~,！"
0,又自己换菜也不通知消费者！能提前和消费者说一下吗！
0,打死卖糖的了。写了备注，有用吗？
0,"没想到是甜的,不喜欢甜带鱼"
0,没给我可乐
0,早上十点多定的，下午一点多才给送到，太慢了，饼还一般
0,送餐快，但口味一般
0,最差的一次点餐！七点钟点的餐，九点才送到。煎饼都塌了，红油抄手简直就是红油速冻水饺！再不点黄太吉了
0,豆浆超级不错
0,实际支付103，发票开的89，这是为啥
0,太慢了，气死了
0,我只想说难吃的想吐~
0,唉，备注写上了不要芝士、不要沙拉酱！汉堡王还特么给弄了，单子上不是写了么！看了么！？不过最后赔偿了一个，辛苦了送餐师傅再取、送一趟！师傅人很好，猛猛哒！嘻嘻
0,"难吃到吐,送餐慢，服务态度差,一张硬面皮里面裹点肉卖20～"
0,巨难吃，鸡丁没几块都在油里泡着，油太大啦！酸辣土豆丝，请问醋在哪里？辣在哪里？不酸也不辣！这两个菜一起点，已经是我多年的习惯，在n家餐馆吃过，只有这家是最差的！
0,太慢，而且不好吃，只是辛苦外卖小哥了
0,两个小时才送到！
0,"我的粥怎么没送过来。,赠送的饮料也没有。没有就不要写在订单了！玩呢？"
0,"今天少送了一份鸡柳-_-||,每次都会少东西T_T,食物有些凉了,配送人员服务非常不错"
0,"11点31下单,12点51送到。这速度太慢了"
0,"付了款但根本没有收到外卖,还显示已送达是什么意思骗钱吗？,投诉请立刻解决"
0,前俩天会很快。第三天么。。。。。。
0,送来的菜都凉了，根本没法吃
0,油菜怎么变成了水煮白菜还很难吃
0,不说自己送的慢，闲我下去的慢，三电话，我能不着急去取餐吗？送餐人员太少了。卷饼一般般，谈不上多好吃。吃完愣是没吃饱，感觉像早餐。
0,"汤还可以,粉一般,上次在店里吃就觉得好像不熟,这次外卖还没在店里好吃"
0,皮蛋瘦肉粥点了两份送了一份。撒的袋子里都是。
0,等太久了，而且漏送了一瓶王老吉~~
0,"一起订的两个,分两次送,行不行啊你们这餐馆"
0,说了三遍加奶油，还是忘了，好难喝
0,"口味很不错,但是卤蛋真的很坑,建议别点"
0,包装很好，味道实在一般，卷饼皮很厚，肘子全是肥肉，带皮的部分还有毛，感觉有点不卫生。
0,本来是想省时间的，结果定个外卖花了我两个小时，以后绝对不会再选择这家了，口味一般，送餐还这么慢，还想不想做生意了
0,太慢太慢，粥就是水做的
0,这家店的冰淇淋蛋糕不全是冰淇淋，有至几乎快一半是蛋糕和奶油。
0,116分钟才送到，醉了
0,肉很足，味道还行，就是送的实在太慢了，等了两个多小时，到的时候菜都凉了。
0,首先，送餐太慢，缺点！其他包装，味道很不错！用料ok！
0,豆角排骨怎么有点辣，本来是打算给小孩吃的。。速度很快，下次试试别的
0,味道依然很好，送餐等了一个半小时…
0,"饭送来都凉勒，一点都不好吃，,而且牛肉咖喱里面竟然有羊肉，我也是呵呵哒了"
0,退单不退款？
0,一个卷饼不够，菜和肉很多，可以再额外买个卷饼吗？
0,非常差！太垃圾了今天
0,"要了两份米饭，只给了一盒。,一份菜是侧着放的，菜汤流了一桌子。"
0,时间要是再短点就好了
0,菠菜没洗干净…
0,好慢啊，等死我了
0,不值17元！我要的是肘子，里面加了一半鸡肉，不如大街上手抓饼加两块里脊，皮蛋瘦肉粥6元不如早起2.5元的实在
0,别的都很好，就是汤洒了。。。
0,汤洒了，没有在店里吃的好吃。
0,面送来都成一团了。。。
0,"大品牌,名过其实"
0,两个多小时餐才到，上次也是一个多小时。服了
0,比预定时间晚了半小时
0,土豆都是生的好吗，老板！或者你们用的土豆太水了，吃起来跟生的一样。选淀粉含量高的土豆增加不了多少成本。或者你们挑菜的时候太不认真了。
0,今天下雨，送餐人员可以体谅，可是这店里安排的人是二逼吗？11点要送达，结果一点才送达，早上九点多订的餐，尼玛你安排成这样，真尼玛人才。真尼玛坑爹。
0,青椒好生…送餐好慢…
0,豆浆不好喝…南瓜粥洒的满袋子都是…薄脆煎饼跟豆腐脑还是很好吃的
0,送的太早了也不好
0,配送了三个小时，够了
0,等了2个半小时，不是肘子，都是肥肉，而且特别辣。黑暗料理。
0,量太大，一个菜绝对够2人吃
0,送餐员太差！慢！餐凉！不送上楼！态度不好！！
0,连续两天汤洒了一袋子，今天这个更夸张，放汤的盒子放在了最上面，盖子完全没盖上，1／3汤从最上面一路洒到袋底，每个餐盒都沾满了汤汁，也不知道是骑士不小心还是店家不用心，抱歉两边都3星，粉一如既往
0,石锅拌饭量太少酱太多，吃着特别咸！
0,饺子粘一起了
0,"快三小时才送到,结果也不免单,多吃一顿"
0,"配送太差了,十点半定的,一点钟才送到,态度也很差"
0,"石锅拌饭量太少了,太少"
0,量少啦点，
0,一份炖肉卖20，小的亮瞎眼
0,味道很差，饭很油
0,凉皮里配的面筋已经有异味了
0,"3:26,我收到了,但3:16,已经完成?,哈哈"
0,等了九十分钟才送到，而且实物都洒了，味道还行，就是凉了。
0,两个多小时才送到，，咱是送不了，可以限制流量
0,菜品质量好，味道好，就是百度的问题，总是用运力原因来解释，我也不懂这是什么原因，晚了三个小时呵呵厉害吧！反正订了就退不了，只能干等……
0,骑士送餐很快，饭菜太难吃
0,汤都洒得差不多了，泡菜汤实在不咋滴，被当家的一顿骂
0,味道还好，就是送餐太慢了
0,酸辣土豆丝为何放那么多生姜！
0,点过很多次了都不错、今天的我已经等了两个多小时了还没送到、电话打不通、你们是想干什么
0,和店里点的水平差很多
0,菜品质量啊不错，但是送餐速度也太慢了。
0,首先，定的是5点半的，结果4点多就打电话催着拿了。。人都没回来，放那等着凉啊？再者，要求把米线放进去（不放进去味道进不去），拿过来的时候根本很难放进去。。。。PS：送餐员很喜欢挂电话！！！
0,肥肉太多吃的时候还把嘴唇拿破了
0,首先这个面的量真的一般，再说我吃第一口这个，简直了，您是把油罐子掉我面里了么？然后这个煎饼跟您照的简直差别也太大了吧？而且我定的不是鸡丝凉面么？鸡丝呢？一根儿都没有，我是真服了。简直太让人失望最后这个送餐我7点50定的，您8点50送过来，饿得半死了好不容易送来了。刚吃第一口简直让人失望。并且大夏天往你嘴里糊满了油你觉得你舒服么？服了！
0,汇源果汁没送啊
0,汤居然给我送来的是调料包让我自己拿开水冲
0,一般般，也就顶多值优惠过的价格！
0,煎饼太一般了…
0,到了之后洒的袋子都坏了，直接全洒地上了，怎么申请退款，实在太差，弄得满地都是
0,饭送到了好凉…
0,可能是订餐的人太多，这家的快递一直都慢！
0,微波炉又热了一遍…
0,点了两份饭，都没有给筷子！！
0,"配送员差劲,态度恶劣,找不着路,还说脏话,菌菇汤要自己拿开水泡,下次不买了"
0,"只要用百度外卖,永远只有大半杯。永远不满杯，不知道该通过什么渠道投诉星巴克。"
0,"等了一个多小时还没到，就打电话催单，我说等了一个小时，接电话的服务员还说，哪到一个小时了！我有必要说谎么？定外卖多送的慢我可以理解，但是接电话的服务员的态度让我很不爽，又查了一下电脑证明我真的等了一个小时才说，送外卖的已经出去了。,还有三明治，料明显不足，不知是受减钱的影响还是受人多的影响。下订单时说多带一包番茄酱也没有带。"
0,"无语了,就差一个套餐俩字,居然连米饭都省了,。。。也赖我没问"
0,按错了，还没有送到
0,过桥米线，订单搞错成番茄米线，黑暗料理!
0,太TM难吃了！一个多小时不送，还跟我说早送了，问我地址是不写错了，SB！
0,这次送的非常不新鲜！要的是蒜香送来的麻辣，菜味道很臭，不会是隔夜的吧？
0,"挺好吃的,就是太慢太慢了！！(*>.<*),两个半小时！"
0,"我明明注明不吃辣的，还是放了辣椒。都浪费了,很生气！！！"
0,比蜗牛还慢，送到的时候粥都撒了
0,太辣了，送餐速度慢了点，等了两小时
0,有点慢，番茄酱没给我带
0,干锅茶树菇和上次送来的不一样，有股臭味！
0,菜不错，但是晚了半小时。刚刚到楼下我没有去取，她就确认送到了，想逃避半价，过分。
0,说实话味道实在是不敢恭维，下次不会再吃了！
0,送饭晚了20分钟。菜的质量很差
0,点了1份九品三鲜，2份茴香猪肉，结果送了三份茴香猪肉过来！！餐具也只提供了1份！！里面的调料包，三份饺子，只有两份调料包，醋包还全洒出来了！！承诺12点15分前送到，结果还是超时了！！
0,口味不错，送餐速度太慢了。5点10分下单，6点半才送到。
0,"一个半小时才到,太慢了"
0,时间提前太多，到吃饭的点都凉了，希望下次改善，量有些少，再增加点就好了
0,"没带发票,没带发票,没带发票"
0,太慢了，饿到后来吃了点别的就不饿了。
0,菜色一般，味道也不怎么样，若是选择还是不要的
0,没有比这再咸了。这饭馆打死卖盐的了？
0,饭太难吃了！吃了没几口扔掉了！以后再也不点了！
0,铁板烧汁茄子味道真心不错！宫保鸡丁做的太甜了。水煮肉片味道还凑合，但是肉质太干！
0,"巨难吃！重要的事情说三遍！巨难吃！巨难吃！,又慢慢慢慢！！！如果听我的你就不要订哟,如果我说的是假话,那就咒我我以后吃的所有外卖都像他们家一样难吃。（非常正经地说）"
0,送来时候都凉了......
0,144分钟，足足两个多小时。木有筷子。不会再定。
0,牛肉有点味道
0,"超时半个小时，还送错东西，并且还少了两杯豆浆，最后打了十几次客服电话竟然一直没人接,呵呵"
0,太慢了，路程距离应该只需要5分钟就能到，但是用了这么久，饭菜都凉了
0,明明备注了把茄子肉末面改成茄子肉末饭的，但送过来的还是面，都成一团了，根本没法吃了，其他的还可以
0,两个小时才送餐
0,千万别吃这个菜，真不值这个钱，血和泪的教训
0,煎饼越来越难吃了，鸡丝凉面是第一次点，绝壁是个失误啊！！！
0,十一点半下单，一点四十才到
0,不好吃，米饭黏成一坨，土豆丝一点咸味没有，难吃死了
0,很好，就是不喜欢炒生菜
0,菜的味道还行，不过肉不是新鲜的。隔夜肉！其次米饭是前一天的，有变质味！
0,16：41才接到电话，16：45才送到！居然显示16：35已送到…
0,"还可以吧,牛肉筋多有点老,泡菜还行"
0,商品太差，以后再也不定了
0,送餐太尼玛慢了
0,外卖员很辛苦，但是你们店里的汉堡真小。没法给你好评
0,汤撒了，不知是一开始就没盖好还是后来晃的，另外没有餐具，这个肯定是一开始就没放
0,"速度是有，蔬菜沙发都没拿就送！！和合谷居然说下次给我送,不让外送员过来了,还要加我微信给我转红包！真服了,，百度外卖人员为什么不确认好再送！差评"
0,"单子竟然被转派了，,联系标注了电话的送餐员很不负责。,后来送餐来的人态度很好，,虽然迟到了很久，但是解释了原因。"
0,披萨不是太好吃
0,太难吃了，没味道，肉都没熟，速度还慢的要死。
0,我觉得量很少，不怎么好吃！
0,等了136分钟，催了无数次，要不是脚崴了走不了路我早就不要了。
0,除了汤，都太油了，吃不饱不说热量还突破天际，汤还撒了点，配送员还迷路
0,红油热干面吃了拉肚子！！难受！和老家味道完全不一样啊！
0,服务态度太差，客服不接电话竟然转到联通秘书台，搞笑了。把客户当啥了？外卖还经常洒了，送餐时间超长，整个差评！
0,饭和丸子是热的，大酱汤冰凉，外卖小哥挺好
0,飘香肘子卷，里面不是肘子，就是很普通的炖肉，半生不熟的，看着就没食欲。一口下去，唯一的感觉就是：难吃到没朋友！吃了三口，实在受不了就给扔了；包装倒是高端大气，不禁让我联想到老板肯定是把店里的主要资金花在包装纸袋上了
0,谁也别来这家别怪没提醒！忘记评价了百度外卖软件逼迫完成订单，其实这份饭十点半定的，等了一天压根没有送！！！店家还逃避不接电话，把店铺立刻下架让人找不到，找到后显示“店铺下架”！
0,"送过来面都成一坨了,！！！！！"
0,快递恶劣到极点了，还耍小心眼
0,"骑士态度很好，就是菜太难吃,太难吃，再也不来了，味道比全聚德差远了"
0,"我明确的写了发票信息,结果送餐的硬说我没要开发票,订的是30的套餐,但是送来的盒子上面贴的是12块钱的标签,如果按照价格来说应该是20的套餐,因为不是本人吃的,具体也没问是几荤几素,因为是后来才发现的,就懒得找麻烦了,总体感觉不太好"
0,菜量也太少了，不到店里的一半。付了一样的钱，还花了配送费，凭什么呢？
0,2小时配送？每次配送都这么慢！你们要好好想想了……
0,不送饮料了。
0,送了两个小时才到，我也是醉了
0,"送餐慢就不说了,八宝菜里还有石块,硌得牙疼好几天"
0,"张银平外卖员简直就是脑子有病！！！！买了3杯,纸袋子都已经全湿了,下半截都烂了2个大洞了！送到我手里啥也不说转头就走！！！里面都洒了半杯了！！！还没给奶包！简直了！没见过这样的外卖员！！百度是不是该找点有素质的外卖！！！"
0,送餐园挺哼
0,"辣死了,但是送餐速度好快"
0,3元钱的米饭连饭盒底都盖不满，真是第一次遇到。招牌菜牛蛙，一坨浆糊，炒鸡蛋也是一坨坨，真是够了。这年头不是只有你一个商家，看看人家都怎么做的。三个菜172，比望湘园眉州东坡不知道贵多少，还这种质素
0,超级难吃，谁订谁知道
0,明明点的是土豆红烧肉盖饭送来的却是土豆牛肉盖饭，是店家太忙还是认不清字啊！两个盖饭也不是一个价格多收了我4元钱。
0,名字很大宇宙卷饼，实物很小
0,感觉的都是速冻的。。。不是一般的难吃，吃过他家的外卖不想去他家店里吃了
0,实际里边没有订单里边的广味烤肠，请问把我的肠呢？
